time,x,y,z
1.805204682999829,1.0,0.0,1.5
2.812051700999291,0.9999173981313174,0.012852895171766347,1.5
2.8330089139999473,0.9995710368509942,0.02928723764079382,1.5
2.8540641429999596,0.9989542507267873,0.045720946565911864,1.5
2.874957409999297,0.9980671199620156,0.06214518525781064,1.5
2.8958757379996314,0.996909309025038,0.0785609927331706,1.5
2.916891650999787,0.9954819846299856,0.09495060967231875,1.5
2.937832911999976,0.9937847344859507,0.11131891799100599,1.5
2.9586636779995388,0.9918171635944121,0.12766641688218255,1.5
2.979895910999403,0.9895832268882919,0.1439619292082294,1.5
3.00073840999994,0.9870802453513281,0.16022668079056565,1.5
3.0217139369997312,0.9843101140519092,0.1764471574583099,1.5
3.042630019999706,0.981274454001517,0.19261476040019546,1.5
3.0634638189994803,0.9779734749208538,0.20872920818905533,1.5
3.0844384339998214,0.9744091249984708,0.2247817989066608,1.5
3.1059998519995133,0.9705442187833413,0.24092305698341465,1.5
3.1271437429995785,0.9664691866874551,0.2567826146445454,1.5
3.1484800469997936,0.9621036618390771,0.272683963363889,1.5
3.168987589999233,0.9575081836007964,0.2884060996884492,1.5
3.1900775069998417,0.952610768591524,0.30419191896476444,1.5
3.210722388999784,0.9474958369041149,0.3197681019885674,1.5
3.2318261599994003,0.9421094902992065,0.3353053955548123,1.5
3.252424852999866,0.9364534877004298,0.350791769250222,1.5
3.2731583279992265,0.9305651315260302,0.36612639345988457,1.5
3.2941963769999347,0.9244114112407588,0.3813968310931133,1.5
3.315025006999349,0.9180067721615299,0.39656470627826784,1.5
3.3363264589997925,0.9113594820451627,0.4116113391129704,1.5
3.357325359999777,0.9044614050256906,0.4265554674587511,1.5
3.3779058109994367,0.8973173414471697,0.44138598611440244,1.5
3.399133780999364,0.8899461855210191,0.4560655510741716,1.5
3.419992364999416,0.8823273029996759,0.4706363037222248,1.5
3.4410363549995964,0.8744607911325938,0.4850962015639354,1.5
3.461951258999761,0.8663362396396745,0.49946122961345907,1.5
3.4825049819992273,0.8580198437887548,0.5136165375693434,1.5
3.503690249000101,0.8494482624711172,0.5276719145309896,1.5
3.524824243999319,0.840667413601378,0.5415517516440785,1.5
3.545664948999729,0.8316234269685797,0.5553399640913982,1.5
3.5663371099999495,0.8223911520658433,0.5689224841784818,1.5
3.5875166769992575,0.8129051587014485,0.582396087689961,1.5
3.6081952399999864,0.8032229888744219,0.5956784620444493,1.5
3.629343771999629,0.793310060926156,0.608817827624437,1.5
3.650196588999279,0.7831835302951624,0.6217906061323268,1.5
3.6710485240000708,0.772848099771193,0.6345910609834148,1.5
3.6919897109992235,0.7622971307856331,0.6472272277925206,1.5
3.7129972809998435,0.7515481801693965,0.6596782040389604,1.5
3.733939642999758,0.7406016681220763,0.6719443199959338,1.5
3.754799302999345,0.7294378427848908,0.6840470988998675,1.5
3.7758928499997637,0.7180883593673634,0.695951943844608,1.5
3.796940395999627,0.7065439245959803,0.707669190099802,1.5
3.817750454999441,0.6947935896518255,0.7192091961166311,1.5
3.8386322379992635,0.6828679976043827,0.7305417837795323,1.5
3.8599453689994334,0.6707364175317311,0.7416957989612044,1.5
3.880551315000048,0.6584668963536232,0.7526096906142166,1.5
3.901790453999638,0.6459932491191709,0.7633431221229787,1.5
3.9227456319995326,0.6333332406880761,0.7738791935693449,1.5
3.9442167150000387,0.6205086852125157,0.7841995738176827,1.5
3.9645284469997932,0.6075484953069709,0.7942825856395415,1.5
3.985453941999367,0.5943606221026776,0.8041986389529132,1.5
4.006505529999231,0.581064230721075,0.8138577024127285,1.5
4.027324699000019,0.5675902023971169,0.82331121827824,1.5
4.04827142799968,0.553991029183821,0.8325226360789542,1.5
4.069343291999758,0.5401928068854841,0.8415412832352207,1.5
4.090208093999536,0.5262899242245479,0.8503051897170331,1.5
4.111013996999645,0.512227816802049,0.8588496164604177,1.5
4.132332364999456,0.4980078950797114,0.8671724952039676,1.5
4.153123856999628,0.48368724866709867,0.8752409071089241,1.5
4.173855567999453,0.46921752405022443,0.8830826207802852,1.5
4.194897130999379,0.45461677740337797,0.8906871424374372,1.5
4.215786931999901,0.439895793531717,0.8980488243036127,1.5
4.2367237869993915,0.4250690255120718,0.9051609379277354,1.5
4.257737549000012,0.4101062779472609,0.9120377408793147,1.5
4.279263533999256,0.3950585897706278,0.9186559261488726,1.5
4.299792255999819,0.37988449278339154,0.9250339302656445,1.5
4.320619422999698,0.36463829833176964,0.9311492422752173,1.5
4.341505571999733,0.34924732702377687,0.9370305782453138,1.5
4.36232193899923,0.3337798509222578,0.9426510548014654,1.5
4.383451641999272,0.31822082079147795,0.948016618638512,1.5
4.40456346099927,0.30253231968437017,0.9531391270671843,1.5
4.425386355999763,0.2868614348052795,0.9579720858258117,1.5
4.446232769999369,0.27106569494741367,0.9625608495168894,1.5
4.467237150999608,0.2551810018192896,0.9668933014094697,1.5
4.4883825659999275,0.23923373403859285,0.9709620077520809,1.5
4.50940355900002,0.22322305537755968,0.9747673915083059,1.5
4.530147759000101,0.20715386601573782,0.978308374590923,1.5
4.550971691999621,0.1910337018170017,0.9815834782483316,1.5
4.571888140999363,0.17485865672027628,0.9845935456674396,1.5
4.593192630999511,0.15857086036434753,0.9873475995024805,1.5
4.613868426999943,0.14237805739032655,0.9898123502835054,1.5
4.634702624999591,0.1260716389511988,0.9920211398212029,1.5
4.655750717000046,0.10973114085008985,0.9939613054479223,1.5
4.677412428000025,0.09336032415126012,0.9956323869151563,1.5
4.697593167999912,0.0769560286715677,0.9970344876939317,1.5
4.718667298999208,0.06054356210696788,0.9981655559512158,1.5
4.739577839000049,0.04411130813899617,0.9990266225152694,1.5
4.760582523999801,0.027681736938910156,0.9996167872940335,1.5
4.781504031999248,0.011224291582068429,0.9999370056550966,1.5
4.802530554999976,-0.005247133087066269,0.9999862337024278,1.5
4.8234247929995036,-0.021686172413685336,0.9997648273099249,1.5
4.844562278999547,-0.038119778678040867,0.9992731771010054,1.5
4.865372147999551,-0.054574638319566424,0.9985096939200383,1.5
4.886354623999978,-0.07101296979224081,0.9974753922384684,1.5
4.907188505999329,-0.08741403735427451,0.9961720664992697,1.5
4.928289358999791,-0.10380455184517563,0.9945977151674049,1.5
4.94976193399998,-0.12016731425510435,0.9927536535237305,1.5
4.970242452000093,-0.13646044684333505,0.9906455200763375,1.5
4.991437652000059,-0.152728851938837,0.9882681305118792,1.5
5.012357443999463,-0.16899713930339538,0.9856165415146343,1.5
5.033294584000032,-0.1851882206285003,0.9827030695690585,1.5
5.054264616999717,-0.20133594577127895,0.9795222493340233,1.5
5.0749338189998525,-0.2174305662129882,0.9760757905389823,1.5
5.095794539999588,-0.2334429612627014,0.9723704972061322,1.5
5.116939155999717,-0.2494221827136399,0.9683948444567245,1.5
5.137790901999324,-0.26530176577415737,0.9641654282731331,1.5
5.158675204999781,-0.28112936826379153,0.9596698798543182,1.5
5.179556736999984,-0.2969152688418587,0.9549038292564161,1.5
5.201183370999388,-0.312552869992528,0.9499003650170021,1.5
5.22164950899969,-0.32815692250205825,0.9446232234144882,1.5
5.242366296999535,-0.3436483791164986,0.9390983928910768,1.5
5.263441203999719,-0.35907471084971443,0.9333088192169803,1.5
5.284342939999988,-0.3743355288246454,0.9272933256847982,1.5
5.305382771999575,-0.38956734241773244,0.9209979835599995,1.5
5.326218628999413,-0.40466778799741576,0.9144637671101455,1.5
5.34739535099925,-0.41967440134012124,0.9076747197426018,1.5
5.368215957999382,-0.4345410221013564,0.9006520416404487,1.5
5.3891237799998635,-0.4493009665293755,0.8933804572945219,1.5
5.410156622999239,-0.46395075082708437,0.8858609940656518,1.5
5.4310943559994485,-0.47846488670677795,0.8781066861086244,1.5
5.452105810999456,-0.4928452052651935,0.8701170057222818,1.5
5.473081221999564,-0.507103164835102,0.8618853637312931,1.5
5.494156748999558,-0.52121348286414,0.8534263326618372,1.5
5.514675527999316,-0.5351765816174658,0.8447402124252426,1.5
5.535861059999661,-0.548993753715839,0.8358264523099234,1.5
5.556880201999775,-0.5626636400483234,0.8266859307908723,1.5
5.577760551999745,-0.576216479334504,0.8172971117918801,1.5
5.598693721000018,-0.589582341892518,0.8077082778630748,1.5
5.619698425000024,-0.6027950401350554,0.7978960706687163,1.5
5.640638783999748,-0.6159249561810659,0.7878048288461755,1.5
5.661502745999314,-0.6286988174165777,0.7776488905534404,1.5
5.682449254999483,-0.6414100477011845,0.7671982473311343,1.5
5.703415451999717,-0.6539605173007029,0.7565286787768174,1.5
5.724566869999762,-0.6662963750763333,0.7456870258762306,1.5
5.745363033999638,-0.6784957732819525,0.7346043054859706,1.5
5.766290607999508,-0.6905035402074189,0.7233290129401844,1.5
5.787078688999827,-0.7023049009353375,0.7118762716386927,1.5
5.808256786999664,-0.7139321477249199,0.7002148873345119,1.5
5.829413243999625,-0.7253421905165817,0.6883884852731101,1.5
5.850156709999283,-0.7365738699893423,0.6763571054176363,1.5
5.8711331399999835,-0.7476077654430966,0.6641405190538971,1.5
5.892104427000049,-0.7584338594708232,0.6517500140454097,1.5
5.913177268999789,-0.769054001519412,0.6391838098285816,1.5
5.934063228999548,-0.779486876889231,0.6264185571624397,1.5
5.9548844020000615,-0.7896749427990737,0.6135254556375633,1.5
5.975963685999886,-0.7996589553607723,0.6004544571500144,1.5
5.997330458999386,-0.8094307391987263,0.5872153595063769,1.5
6.018000561000008,-0.8189933075594208,0.5738030691560303,1.5
6.038961458999438,-0.8283268866088901,0.5602450971858861,1.5
6.0597505339992495,-0.837410566292771,0.5465743713907747,1.5
6.080757319999975,-0.8463109682756906,0.5326891635618872,1.5
6.10160617099973,-0.8549450329760033,0.5187186044375705,1.5
6.122433587999694,-0.8633722591347057,0.5045674802805217,1.5
6.14347991699924,-0.8715519083388683,0.4903032439938338,1.5
6.16438488499989,-0.8794968056811978,0.47590478963398697,1.5
6.185311903999718,-0.8872076728610632,0.4613702907822053,1.5
6.206229853999503,-0.8946850406202759,0.44669752415957636,1.5
6.22718549199999,-0.9019126369977609,0.43191850530365694,1.5
6.248864421999315,-0.9089072553092009,0.4169983228339114,1.5
6.269112691999908,-0.9156402369297892,0.40199870213118777,1.5
6.290007091000007,-0.922130842136082,0.3868781590906888,1.5
6.311102736999601,-0.9283755158350095,0.37164351413428415,1.5
6.331893305999984,-0.9343601827216695,0.3563299719983268,1.5
6.352965307999511,-0.9400952045220562,0.3409120215460777,1.5
6.373864880999463,-0.9455755964507608,0.32540250674631854,1.5
6.394785853999565,-0.9508043923033603,0.30979187784162066,1.5
6.415882046999286,-0.955773443164382,0.2941039362907301,1.5
6.436749754999255,-0.9604766193848985,0.2783606718179793,1.5
6.457717874000082,-0.964931306582716,0.2625025210861271,1.5
6.478429666000011,-0.9691187181543178,0.24659462711691826,1.5
6.4996500899997045,-0.9730487605227238,0.23059945716586328,1.5
6.520555708999382,-0.9767120367331912,0.21455441570963146,1.5
6.541452888000094,-0.9801071146851222,0.1984692513806729,1.5
6.562399449999248,-0.9832401576852882,0.18231509074953106,1.5
6.58344123400002,-0.9861058240900716,0.1661183424418893,1.5
6.604388622999977,-0.9886960838977384,0.14993349754233073,1.5
6.625310467999952,-0.991038883110016,0.1335736956292375,1.5
6.646102085999701,-0.9931026307487197,0.11724830403878789,1.5
6.666958492000049,-0.9948960131542072,0.10090551525988914,1.5
6.688122923999799,-0.996433482712022,0.08438195618964152,1.5
6.709025688000111,-0.9976770291039324,0.06812155017577896,1.5
6.729817737999838,-0.9986627210306217,0.05169883580618299,1.5
6.75105852499928,-0.9993787408657026,0.0352438974247031,1.5
6.771979559999636,-0.9998231126004918,0.018808070338668305,1.5
6.792783730999872,-0.9999972377248462,0.0023504345720721806,1.5
6.8137917519998155,-0.9999003670063602,-0.014115808887418915,1.5
6.834698671999831,-0.999533265614204,-0.030549155972059944,1.5
6.855769570999655,-0.9988943342409461,-0.04701179661890167,1.5
6.876667905999966,-0.9979870895904223,-0.06341741882825648,1.5
6.897647525999673,-0.9968069696443229,-0.07984901545104904,1.5
6.918571227999564,-0.995357950060462,-0.09624214903790729,1.5
6.939578163999613,-0.9936405079662078,-0.11259902721008076,1.5
6.96052852899993,-0.991655677920864,-0.1289147642720249,1.5
6.981355809999513,-0.9893957662877697,-0.14524468200879853,1.5
7.0024921260001065,-0.9868727518598663,-0.1614997573884701,1.5
7.023286037999242,-0.9840816097554946,-0.1777171498225041,1.5
7.044389624999894,-0.9810279443634887,-0.19386637763662806,1.5
7.065873784999894,-0.9776933013616221,-0.21003763584798865,1.5
7.08618861099967,-0.9741075961301744,-0.22608492024346288,1.5
7.107183525999972,-0.9702655522278535,-0.24204288496045198,1.5
7.128364352000062,-0.9661417724999553,-0.25801177382174756,1.5
7.14929943199968,-0.9617722245087517,-0.273850667633817,1.5
7.169972335999773,-0.957131719483415,-0.2896530192466866,1.5
7.19091237900011,-0.9522393864644655,-0.30535250263552516,1.5
7.211982583999998,-0.9470746485645177,-0.3210134110070718,1.5
7.232798447999812,-0.9416826999256446,-0.33650214361984165,1.5
7.253724741000042,-0.9360162557958814,-0.3519567713311666,1.5
7.274603597999885,-0.9300991584152799,-0.3673085290531491,1.5
7.296129362999636,-0.9239294832323669,-0.3825628183893091,1.5
7.316689380999378,-0.9175155510389035,-0.39769990394992216,1.5
7.337498369000059,-0.9108392025402009,-0.4127613682455408,1.5
7.358368010000049,-0.903920096211623,-0.42770136738707104,1.5
7.3794624080001086,-0.8967637123252963,-0.44250971091779806,1.5
7.400560016999407,-0.8893773177636554,-0.45717391291228116,1.5
7.4213967019995835,-0.881719787976898,-0.4717734790023428,1.5
7.4424472399996375,-0.8738354692386365,-0.4862217320323022,1.5
7.463216418999764,-0.8657183104350236,-0.5005315244592773,1.5
7.484139700999549,-0.8573765876042408,-0.5146896026034599,1.5
7.505056087999947,-0.8487815904655295,-0.5287436162137622,1.5
7.525979379999626,-0.8399472923756512,-0.5426679887655179,1.5
7.546987841999908,-0.8309232902841391,-0.5563869927158436,1.5
7.568052118999731,-0.8216606375366317,-0.569977014205745,1.5
7.588934332999997,-0.8121702747346395,-0.5834204700192308,1.5
7.6098382609998225,-0.802464211539738,-0.596700250710444,1.5
7.630995337999593,-0.792529135200153,-0.6098340510818477,1.5
7.651844961999814,-0.7823932660351295,-0.6227846957519775,1.5
7.672846140999354,-0.772048225135264,-0.6355639527738248,1.5
7.693671417999212,-0.7614726358184418,-0.6481970571513841,1.5
7.71464551400004,-0.7507039127012276,-0.6606388086201624,1.5
7.7356690609994985,-0.7397112487840624,-0.6729244150885916,1.5
7.756491095999991,-0.72856934516426,-0.6849720500041746,1.5
7.777423771999565,-0.7171986482529245,-0.6968687817259271,1.5
7.79837065799984,-0.7056286695413363,-0.7085818094767348,1.5
7.819336476999524,-0.6938773423823824,-0.7200932118332751,1.5
7.840311856999506,-0.6819509935457576,-0.7313978687431035,1.5
7.861172775999876,-0.6698063482116831,-0.742535828021335,1.5
7.882174908999332,-0.6574993896670849,-0.7534550766883258,1.5
7.903250079999452,-0.6450080772974547,-0.7641757521807668,1.5
7.9241497889997845,-0.6323446584313116,-0.7746871839351596,1.5
7.945249067000077,-0.6195169564580719,-0.7849832741281354,1.5
7.966093623999768,-0.6065131046532494,-0.7950734896120463,1.5
7.986971092999738,-0.5933598436650616,-0.8049373242220624,1.5
8.0078573589999,-0.5800349955184061,-0.8145915565324517,1.5
8.02883245599969,-0.5665503955902075,-0.824027092550105,1.5
8.049698433999765,-0.5529128743111921,-0.8332390733882659,1.5
8.070690480999474,-0.5391207057062468,-0.8422285109629087,1.5
8.092154037,-0.5251925815809257,-0.850983403041659,1.5
8.113040776999696,-0.5111252520425826,-0.8595062400729888,1.5
8.133820399999422,-0.4969021444761527,-0.8678065791494096,1.5
8.154536766999627,-0.4825587852883088,-0.8758635845501694,1.5
8.175867320999714,-0.4680683163569948,-0.8836922831069242,1.5
8.196920260999832,-0.45348612126209903,-0.8912633380896225,1.5
8.217597374999968,-0.43873933248512853,-0.8986143767659762,1.5
8.238397758999781,-0.42388804959712234,-0.9057145915843178,1.5
8.259527345999231,-0.40889331149225855,-0.9125821934581536,1.5
8.280258343999776,-0.393910710441635,-0.9191487106009377,1.5
8.301223638999545,-0.37869395371208414,-0.9255219551268948,1.5
8.322132625999984,-0.36342277081706986,-0.9316243286065706,1.5
8.343419025999538,-0.34804530262330524,-0.9374777156401383,1.5
8.364154262999364,-0.33257392782630085,-0.9430771880022263,1.5
8.38508271899991,-0.31700929034439707,-0.9484224321658264,1.5
8.406063598999935,-0.3013655485676015,-0.9535086817310835,1.5
8.426892643999963,-0.2856123098119277,-0.9583452449320627,1.5
8.448024215999794,-0.2698243727918579,-0.9629095533057508,1.5
8.468969138999455,-0.2539524523338603,-0.9672167037192949,1.5
8.48981465199995,-0.23799229418819315,-0.9712670425310644,1.5
8.510684324000067,-0.22197201365324087,-0.9750530370983547,1.5
8.531781269999556,-0.20589726909660838,-0.9785736122431254,1.5
8.552549925999301,-0.18978712385862695,-0.9818252632813388,1.5
8.573515534999387,-0.17358661930134886,-0.9848186054292073,1.5
8.594568990999505,-0.15735950617636613,-0.9875413843560836,1.5
8.615564437999637,-0.14109478483175986,-0.9899960917565682,1.5
8.63651339199987,-0.12481928583752307,-0.9921794927748763,1.5
8.657365862000006,-0.1084486219961309,-0.9941020553178332,1.5
8.67835451999963,-0.09208636459099853,-0.9957510238289558,1.5
8.69934916999955,-0.07568667670910344,-0.9971316497678386,1.5
8.720261944999947,-0.05929443257662585,-0.9982405372781732,1.5
8.741131355999642,-0.04282946557985935,-0.9990823974418445,1.5
8.762122342999646,-0.026381450054664676,-0.9996519489767492,1.5
8.783208365000064,-0.009898482366397579,-0.9999510088233534,1.5
8.80406125599984,0.006512551717133725,-0.9999787931101998,1.5
8.82488642699991,0.022967359574751416,-0.999736215405926,1.5
8.846020674999636,0.03943103653345069,-0.9992222942658444,1.5
8.867561942000066,0.055853316445790877,-0.9984389851373023,1.5
8.887806482000087,0.07227400692980492,-0.9973848143631978,1.5
8.908814995999819,0.08867135301815073,-0.9960609374701582,1.5
8.92985310899985,0.1050553582669565,-0.9944663753488105,1.5
8.950574617999337,0.1214036386095521,-0.9926032221045634,1.5
8.971599851000065,0.13771302547184774,-0.9904721715502108,1.5
8.992678421999699,0.1539879083805933,-0.9880727321774293,1.5
9.013579554999524,0.17023673723125507,-0.9854031932649988,1.5
9.034640088999367,0.18642457862883904,-0.9824692750834806,1.5
9.055521735999719,0.20258037529497916,-0.9792656389077202,1.5
9.076396204000048,0.2186319513234944,-0.9758073938336813,1.5
9.097279498999342,0.23467703256095168,-0.9720733976343484,1.5
9.118319791999966,0.25067152883271715,-0.9680722001135392,1.5
9.13942911599952,0.2665423665945839,-0.9638232030876609,1.5
9.160717213999305,0.28237274686362107,-0.9593047648316427,1.5
9.181702335999944,0.29810551209201464,-0.9545329243459115,1.5
9.202215438999701,0.3137779691227636,-0.9494963855082303,1.5
9.223372787999324,0.32936445283519206,-0.9442028686720744,1.5
9.244405262999862,0.34483822262017405,-0.9386621331555669,1.5
9.265073329999723,0.36024856528403504,-0.9328563507908355,1.5
9.285880408999219,0.37555055201214255,-0.9268019113507346,1.5
9.30721527500009,0.39078671197010545,-0.920481257684041,1.5
9.327930424999977,0.40583284489542004,-0.9139473190529583,1.5
9.348792875000072,0.42080638706271817,-0.9071504751733429,1.5
9.369777123999484,0.43568049166731787,-0.9001013882783007,1.5
9.390990414000044,0.4504305520854668,-0.8928114681991834,1.5
9.411587636999684,0.46507614069571107,-0.8852706836643712,1.5
9.432658158999402,0.4795595350153252,-0.8775093460333543,1.5
9.453419413999654,0.4939433977963944,-0.8694940596538615,1.5
9.474460327000088,0.5081983651507629,-0.8612400488006186,1.5
9.49548895099997,0.5222861785947631,-0.852770278356885,1.5
9.516366578000088,0.5362289585124701,-0.8440725703709555,1.5
9.537429048999911,0.5500603302568497,-0.8351249206422506,1.5
9.558309792999353,0.5637287349476058,-0.8259599950326723,1.5
9.57937036399926,0.5772505485195489,-0.8165670849562086,1.5
9.600201035999817,0.5905602791483353,-0.8069935295231556,1.5
9.621233500000017,0.6038035830429886,-0.7971331338643807,1.5
9.642054726999959,0.6168382883175538,-0.7870899097723654,1.5
9.663045806999435,0.6296956178910634,-0.7768419587076845,1.5
9.68399400599992,0.6424008011427167,-0.7663688476779283,1.5
9.704955207999774,0.6549259499269191,-0.7556930594575569,1.5
9.725839509999787,0.6672685355496775,-0.7448172268854882,1.5
9.746780550999574,0.6794406011476671,-0.733730515592814,1.5
9.767791719999877,0.691411515361423,-0.7224611521913277,1.5
9.788853875999848,0.703208058004984,-0.7109841258121444,1.5
9.809702683000069,0.7148156262195033,-0.699312963209191,1.5
9.830751225999848,0.7262506705115948,-0.6874299699470914,1.5
9.851746401999662,0.7374292806123043,-0.6754243526077657,1.5
9.872595670999544,0.7484377670363669,-0.6632050277807136,1.5
9.893528660999436,0.7592559103512172,-0.6507921808048591,1.5
9.915051854999547,0.7698663273648972,-0.6382051691969323,1.5
9.93530485499923,0.7802636352213419,-0.6254507650896086,1.5
9.956342356999812,0.7904280893042364,-0.6125548429641661,1.5
9.977244425999743,0.8004216170630849,-0.599437432046178,1.5
9.998225371999979,0.8101740946265968,-0.5861893349387841,1.5
10.019173957000021,0.819714048166383,-0.572772973558181,1.5
10.040099716999975,0.8290052264540816,-0.5592408555459955,1.5
10.0612993929999,0.8381133513601986,-0.5454961138924604,1.5
10.082045481999558,0.8469736975918858,-0.5316347953130314,1.5
10.102963610999723,0.8556043261557347,-0.5176304058530481,1.5
10.123981454999921,0.8640092002875823,-0.5034760191095625,1.5
10.144862115999786,0.8721702925432361,-0.48920239247682146,1.5
10.165899870999965,0.8801132483879422,-0.4747638044459837,1.5
10.1870340509995,0.887795771829156,-0.460237620715944,1.5
10.208709578999333,0.8952567506289548,-0.4455506149174135,1.5
10.229001998000058,0.9024618625045625,-0.4307697606898563,1.5
10.24982904999979,0.909430960685848,-0.41585493594042566,1.5
10.270606886999303,0.9161494281170804,-0.4008369061859778,1.5
10.291914086999896,0.9226324763013201,-0.3856803257544959,1.5
10.31253528399975,0.9288340098290406,-0.37049612978397706,1.5
10.333436954999343,0.9348143654587738,-0.35513673723216826,1.5
10.354581970999789,0.9405323743133729,-0.3397040666056995,1.5
10.375419570999838,0.9459897326572153,-0.3241965849714187,1.5
10.396434286999465,0.9511865417732664,-0.3086165302595018,1.5
10.417255524999746,0.9561430280906904,-0.2929001704225608,1.5
10.43967639099992,0.9608318978313385,-0.2771318532933889,1.5
10.459053294999649,0.9652628398099308,-0.2612807878166091,1.5
10.48014543699992,0.9694306763288831,-0.24536536795669459,1.5
10.501025552000101,0.9733391140971673,-0.22937081106483764,1.5
10.522033886999452,0.9769846434446728,-0.21330964927373874,1.5
10.542839390999688,0.9803592932478941,-0.1972198168097964,1.5
10.564086327999576,0.9834723223328451,-0.18105852977763992,1.5
10.585027230999913,0.986315899480198,-0.1648664502940728,1.5
10.605756172999463,0.9888960882828606,-0.1486086356133343,1.5
10.626741448999383,0.9912087832983528,-0.13230702140173428,1.5
10.647867039999255,0.9932524174937654,-0.11597256202563946,1.5
10.668867241999578,0.9950250614999709,-0.09962493155319624,1.5
10.68966453899975,0.9965304870440381,-0.08322853111627207,1.5
10.710492954000074,0.997764222578401,-0.06683229864757768,1.5
10.731442536999566,0.9987282414121816,-0.050417257023076846,1.5
10.752395088999947,0.9994220670658902,-0.03399311491674888,1.5
10.773374006999802,0.9998463598481592,-0.01752873921265883,1.5
10.79443456699937,0.9999994332121456,-0.0010646949739269286,1.5
10.815273991999675,0.9998817470919934,0.015378290940899545,1.5
10.836267005000082,0.9994938772465667,0.03181177999774868,1.5
10.85716936999961,0.998833667834019,0.04828357900198197,1.5
10.878269488000115,0.9978918700630166,0.06489850277267985,1.5
10.899106655999276,0.9967043129953861,0.08112035784188448,1.5
10.92012496299958,0.995234078516923,0.09751476277246995,1.5
10.941384828999617,0.9934944835105985,0.11388024953436401,1.5
10.962059804000091,0.9914884225432351,0.13019488454899936,1.5
10.982888689999527,0.9892076736791254,0.14652023182595916,1.5
11.003896165999322,0.986666762037615,0.1627534967065477,1.5
11.024808563999613,0.9838545406988809,0.17896994928253743,1.5
11.045766090999678,0.9807742344759054,0.1951458454290066,1.5
11.066803731999244,0.977435395749921,0.21123457845531682,1.5
11.08762865099925,0.9738271277055859,0.22728995874144686,1.5
11.108773353999823,0.969958513024783,0.24327039073991688,1.5
11.129607183999724,0.9658191418161441,0.25921686924566995,1.5
11.150559987999259,0.9614227592974967,0.27507504049765746,1.5
11.171369585999855,0.9567661173527805,0.2908583790879773,1.5
11.192358641999817,0.9518580008385212,0.3065393061904032,1.5
11.21358747299928,0.9466727365010318,0.32219672556630385,1.5
11.234815434999291,0.9412493395663086,0.3377124231739009,1.5
11.255714829999306,0.9355546109878284,0.3531820633319491,1.5
11.276648617999854,0.9296377749938749,0.36847470375106844,1.5
11.297205130999828,0.9234370136561723,0.38375002515930917,1.5
11.318534064999767,0.9169961545690418,0.3988960422285361,1.5
11.339369083999372,0.9103129144155271,0.4139207627654226,1.5
11.36011064899958,0.9033697012106828,0.4288626620895338,1.5
11.381028694999259,0.8961978106359223,0.44365469028443677,1.5
11.402047934999246,0.888752758057919,0.4583868835868257,1.5
11.422850627000116,0.8811201673692758,0.47289243032125117,1.5
11.44383599899993,0.8732192044811226,0.4873276320150085,1.5
11.464835086999301,0.8650762121288909,0.5016404561124733,1.5
11.486371212999984,0.8567222718352627,0.515778003545543,1.5
11.50659221099977,0.8481081322596905,0.5298231742713594,1.5
11.527651878999677,0.8392564553991763,0.5437357833275371,1.5
11.548653056999683,0.8302182343932752,0.5574385017927204,1.5
11.569657205999647,0.8209233970125197,0.5710383316708477,1.5
11.590445623999585,0.811426028387445,0.5844551312593441,1.5
11.611445395999908,0.8016952081841339,0.5977330450749718,1.5
11.63266039499922,0.791756798327622,0.610836452990482,1.5
11.65334238899959,0.7815970622644988,0.6237836421865399,1.5
11.674288141999568,0.7711990064268714,0.6365941348192004,1.5
11.695429800999591,0.7606382664334606,0.6491759604584106,1.5
11.716155172000072,0.7498822507773738,0.6615713188833535,1.5
11.737257556999793,0.7388669998037339,0.6738512867102274,1.5
11.758260193999376,0.727671259708837,0.6859260439681193,1.5
11.778946176999852,0.7163049677037887,0.6977873553188494,1.5
11.799985588999334,0.7047238299755998,0.7094817287742665,1.5
11.820896487000027,0.6929584641075114,0.720977507986039,1.5
11.841901107999547,0.6809893136504241,0.7322933528948111,1.5
11.862775796999813,0.668860982649592,0.7433875072188274,1.5
11.883871621999788,0.6565255030951562,0.7543038272378392,1.5
11.904794860999573,0.6440346281845974,0.7649963383566795,1.5
11.925741926999763,0.6313110949674142,0.7755296908378457,1.5
11.946676311999909,0.6185073657894583,0.7857790010328509,1.5
11.967686549000064,0.605500073614772,0.7958452493120165,1.5
11.988570607999463,0.5923295124430056,0.805695816477305,1.5
12.00949958899946,0.5789695872282823,0.8153491381394307,1.5
12.030497996999657,0.5654836985003221,0.8247594720464851,1.5
12.051356502999624,0.5518186357994098,0.8339641438242283,1.5
12.072346891999587,0.5380715920000316,0.842899140990517,1.5
12.093314799999462,0.524104131409217,0.8516541900559113,1.5
12.114258845999757,0.5100151770010883,0.8601654022503745,1.5
12.135218061999694,0.49575335281700716,0.8684633631712371,1.5
12.156411745999321,0.48138089654331584,0.876511513012324,1.5
12.177442135000092,0.46682664048967876,0.8843488495662333,1.5
12.198365284999454,0.4521756947126473,0.8919288879227619,1.5
12.219454997999492,0.43739446291461986,0.8992697503038959,1.5
12.240345131999675,0.4225289873340695,0.9063494110233898,1.5
12.26129900199976,0.4074892278370255,0.9132100137409711,1.5
12.282864197999515,0.39234687703990057,0.9198173340816301,1.5
12.304072896999969,0.3771229260903852,0.9261632138111651,1.5
12.324805317000028,0.3618402022030001,0.9322401343375493,1.5
12.345458563999273,0.34638070588926584,0.9380940286493961,1.5
12.366461827999956,0.33085506673703113,0.9436815802030019,1.5
12.387831318999815,0.31523581843126375,0.9490133712324454,1.5
12.408605182999963,0.2995502190774141,0.9540805344679626,1.5
12.4294650490001,0.2837654369359919,0.9588937254985693,1.5
12.450574227999823,0.2678753342963322,0.9634535823150113,1.5
12.47147285399933,0.25198703662529853,0.967730609918277,1.5
12.492491459999655,0.2360155960040692,0.9717492672715755,1.5
12.51355584599969,0.21991799034094223,0.9755183634993251,1.5
12.534442528999534,0.2037960333642864,0.9790133690532437,1.5
12.555443886999456,0.18761238352316748,0.9822431438033843,1.5
12.576708496999345,0.17138608164761954,0.9852039438702402,1.5
12.597482350999599,0.1551064659670997,0.9878977600011031,1.5
12.618422030999682,0.13879212324758577,0.990321536938598,1.5
12.63963743199929,0.12243419242653233,0.9924766337425093,1.5
12.66045408699938,0.10607150508899685,0.9943585046692943,1.5
12.681553200999588,0.08964022858988459,0.9959742112215322,1.5
12.702456267999878,0.0731935751711313,0.9973177530524903,1.5
12.723519085999214,0.05672799736706805,0.9983896705769356,1.5
12.744737995999458,0.04027302000264479,0.9991887128365025,1.5
12.765530564000073,0.02375454873871094,0.9997178208945864,1.5
12.786430547999771,0.007251605650511147,0.9999737067620775,1.5
12.807501840999976,-0.009222787313317205,0.9999574691926518,1.5
12.8285898919994,-0.02571236397731857,0.9996693825153884,1.5
12.849757049999425,-0.042232640129050356,0.9991078040470558,1.5
12.87039846099924,-0.05869432799436051,0.9982760018458274,1.5
12.891681964999407,-0.0751567405525544,0.9971717326265903,1.5
12.912529469999754,-0.09156755942203328,0.995798866268431,1.5
12.933584764999978,-0.10801257098346838,0.9941495282448919,1.5
12.95439144699958,-0.12438426357073555,0.9922341230657036,1.5
12.975703753999369,-0.1408049231248507,0.9900373597111398,1.5
12.99644937999983,-0.15704386080537355,0.987591629056941,1.5
13.01753171099972,-0.1733331048917261,0.9848632568781281,1.5
13.038467555999887,-0.18955905657565547,0.9818693212796433,1.5
13.060347322999405,-0.20572052616968128,0.9786107832598563,1.5
13.080527350000011,-0.22182931809059345,0.9750855109350474,1.5
13.10165203499946,-0.23789284948316272,0.9712914043503017,1.5
13.122706406999896,-0.2538959437993685,0.9672315388376393,1.5
13.143464060999577,-0.2698124895417386,0.962912883124579,1.5
13.164519211999504,-0.2856478407502108,0.9583346550525772,1.5
13.185498872999233,-0.301421360126746,0.9534910401568242,1.5
13.206478692999553,-0.3171211459212835,0.9483850372130361,1.5
13.227530465999735,-0.33271514574186556,0.9430273759514987,1.5
13.248699879000014,-0.3482154181894893,0.9374145414570435,1.5
13.269661550999444,-0.3636541036039535,0.9315340535546756,1.5
13.290460863999215,-0.37895966993764346,0.9254131880196825,1.5
13.311684482999226,-0.39418343832197256,0.9190317823408871,1.5
13.332986292999522,-0.4092863683731352,0.9124059779856389,1.5
13.35416398399957,-0.42428219787576527,0.9055300196932788,1.5
13.375070016999416,-0.4391897082841873,0.8983943455617085,1.5
13.395829125000091,-0.4539491280762126,0.8910276028938982,1.5
13.416816326999651,-0.46855395105185993,0.8834348843880296,1.5
13.437833343999955,-0.48308789922544554,0.875571859770485,1.5
13.458726975999525,-0.49747295846791706,0.8674794842491539,1.5
13.479720564999297,-0.511709127145022,0.8591587566896352,1.5
13.500879027999872,-0.5258053936356898,0.8506048953677714,1.5
13.521744218000094,-0.5397788915437951,0.8418068354698434,1.5
13.542568100999233,-0.5535749346079352,0.8327993706612777,1.5
13.56363625799986,-0.5672324689944094,0.8235577248247425,1.5
13.584680002999448,-0.5807469664468544,0.8140841240085549,1.5
13.605691821999244,-0.5941007701059148,0.8043906233662592,1.5
13.626546831999804,-0.6072940932638813,0.7944771137589807,1.5
13.647626532999311,-0.6203078933573313,0.784358411339223,1.5
13.669012789999215,-0.6331739998380234,0.7740094869761732,1.5
13.689733055999568,-0.6458541850101123,0.7634607859641016,1.5
13.71064519399988,-0.6583509008677306,0.7527111606231487,1.5
13.731951658999606,-0.670699267809299,0.7417293928111992,1.5
13.752949114999865,-0.6828249869084712,0.730581985305856,1.5
13.773892829999568,-0.6947913013778376,0.7192114067015976,1.5
13.794676284999696,-0.706560560112877,0.7076525806446108,1.5
13.815757468999436,-0.7181439664559008,0.6958945634526728,1.5
13.836696798000048,-0.7295219753479362,0.6839573725638501,1.5
13.857818693999434,-0.7407082493368671,0.6718268298931753,1.5
13.878908222999598,-0.751692193222102,0.6595140989008089,1.5
13.899870720999388,-0.7624659053419094,0.6470283944241878,1.5
13.920801178999682,-0.7730282740127051,0.63437156901688,1.5
13.942032248000032,-0.7834105315461479,0.6215045768637445,1.5
13.962838453999211,-0.7935444375059889,0.6085123053014653,1.5
13.983758388999377,-0.8034681795173072,0.5953477005105035,1.5
14.004740428999867,-0.8131806483871822,0.5820113685217858,1.5
14.025888809999742,-0.8227318616288739,0.5684296648317076,1.5
14.046667046000039,-0.8319372969091441,0.5548696549744874,1.5
14.067894238999543,-0.8409785828389207,0.5410684089893261,1.5
14.088713917999485,-0.8497886819141031,0.5271235112292861,1.5
14.109762134999983,-0.85837562354735,0.5130217236138233,1.5
14.130715321000025,-0.8667218812881308,0.49879172055715126,1.5
14.151947789999213,-0.8748310283911624,0.4844281905133733,1.5
14.172954420999304,-0.8827054741106573,0.46992663892897124,1.5
14.193804062999334,-0.8903373786547562,0.455301386084182,1.5
14.215000397999574,-0.8977368646767904,0.44053208941039257,1.5
14.235849041999245,-0.9048688575824116,0.4256904398474333,1.5
14.256818801000009,-0.9117669876256255,0.4107078770562997,1.5
14.277923709999413,-0.918425420327751,0.3955941699466688,1.5
14.298804094999468,-0.9248239461830715,0.3803954108113966,1.5
14.31996454199998,-0.930974784749879,0.36508348382242156,1.5
14.34092734999922,-0.9368699459605161,0.34967800096079765,1.5
14.361852756999724,-0.942513226460672,0.3341688464634218,1.5
14.383049690999542,-0.9478950583045366,0.31858273406109006,1.5
14.404409294999823,-0.9530212212390151,0.3029035355820336,1.5
14.425132916999246,-0.9578872913967607,0.2871444531600383,1.5
14.44593265200001,-0.9624966373960566,0.2712936103215186,1.5
14.466948109999976,-0.9668420382624632,0.2553751613773071,1.5
14.488245279999319,-0.9709314671123159,0.23935765325371502,1.5
14.509019658999932,-0.9747377329640243,0.22335252838540778,1.5
14.529867712999476,-0.9782925918104459,0.20722838803793306,1.5
14.550952022999809,-0.9815796810549584,0.19105321180248763,1.5
14.571960463999858,-0.9845947523949318,0.17485186174691678,1.5
14.59288222899977,-0.9873445316173379,0.1585899614898102,1.5
14.613934349999909,-0.9898282576981124,0.1422674251623294,1.5
14.635497377999855,-0.9920404974108039,0.1259192260813445,1.5
14.656184304999442,-0.9939820296963614,0.10954325465633036,1.5
14.677079905000028,-0.9956542994435057,0.09312634428378404,1.5
14.69801630299935,-0.9970556553677435,0.07668128910757437,1.5
14.719070764999742,-0.9981846382729119,0.06022813226371832,1.5
14.74021558000004,-0.9990427323389148,0.04374493068682737,1.5
14.76134416900004,-0.9996283438789955,0.027261219960535724,1.5
14.782165105999411,-0.9999419851102083,0.01077155577695614,1.5
14.803037179000057,-0.9999835624888596,-0.005733650851698707,1.5
14.82410241099933,-0.9997530081460038,-0.02222437182501322,1.5
14.845080424000116,-0.9992506714235977,-0.038705240723823676,1.5
14.866122894999535,-0.9984757475972114,-0.05519222282341842,1.5
14.887168985999779,-0.9974281818648995,-0.07167302157493431,1.5
14.908211168999514,-0.9961094006923993,-0.08812526228176064,1.5
14.929246594999313,-0.9945232675523165,-0.10451540698415489,1.5
14.95013124199977,-0.9926627838513136,-0.12091566299102974,1.5
14.971175906999633,-0.9905314846256785,-0.13728575295801487,1.5
14.992156462999446,-0.9881309084014332,-0.15361415254382765,1.5
15.013357488999645,-0.9854612281077805,-0.1699004646735998,1.5
15.034133984999244,-0.9825274328462772,-0.18611782210337707,1.5
15.055295123999713,-0.9793193819982412,-0.20232040935749143,1.5
15.076341173999936,-0.9758419718577181,-0.2184775639758932,1.5
15.09738119299982,-0.972117593474544,-0.23449389002117155,1.5
15.118240590999449,-0.9681119230369386,-0.25051807214993627,1.5
15.139142985000035,-0.9638516479966756,-0.2664394877905539,1.5
15.1606072149998,-0.9593250292724559,-0.2823038933691876,1.5
15.18115788599971,-0.9545390092252974,-0.29808602762824615,1.5
15.202156947999356,-0.9494944297368625,-0.3137838872515131,1.5
15.223324652999509,-0.9441820242364126,-0.32942420237261005,1.5
15.244225401999756,-0.9386257997238139,-0.3449371074454454,1.5
15.265275179999662,-0.9328028291783714,-0.36038712779013904,1.5
15.286234243999388,-0.9267315992613506,-0.37572402495781315,1.5
15.307281202000013,-0.92040706483259,-0.3909614239362451,1.5
15.328347759999815,-0.9138486412694976,-0.40605499732165984,1.5
15.349202059999698,-0.9069992585825508,-0.4211322178730846,1.5
15.37024527199992,-0.8999361119626802,-0.43602178200807157,1.5
15.391317605999575,-0.892625509028623,-0.45079895810814785,1.5
15.41241465999974,-0.8850887301632208,-0.4654223240649909,1.5
15.43356069299989,-0.8772638223294357,-0.4800085270408729,1.5
15.454226380999899,-0.8692314792566311,-0.4944053351950492,1.5
15.475606108999273,-0.8609409282112913,-0.508704942113481,1.5
15.496356644000116,-0.8524511991746411,-0.5228068027729904,1.5
15.51744910799971,-0.8436970280739298,-0.5368196390029136,1.5
15.538414458999796,-0.8347338983766746,-0.5506535379899775,1.5
15.559313105000001,-0.8255304060915418,-0.5643576424735772,1.5
15.580445620999853,-0.8161321826434421,-0.5778652615044889,1.5
15.60169576699991,-0.8064678784483216,-0.591277905076,1.5
15.622245155999735,-0.7966101369355423,-0.6044934157884077,1.5
15.643209833999208,-0.7865284774275312,-0.6175540091324236,1.5
15.664211602999785,-0.7762542377028988,-0.6304199857621041,1.5
15.685932661999686,-0.7657203150222363,-0.6431736928406255,1.5
15.706282497999382,-0.7550022276150092,-0.655722224952284,1.5
15.727256834999935,-0.7440868960900708,-0.668082847457592,1.5
15.748521083999549,-0.7329903412756976,-0.6802390459217528,1.5
15.769356304999746,-0.7216331700446028,-0.6922756444447381,1.5
15.790374062999945,-0.7101239546001259,-0.7040766784257794,1.5
15.81139417399936,-0.6984116421776736,-0.715696288987644,1.5
15.832435987999816,-0.6865179937314044,-0.727112814000006,1.5
15.853477548999763,-0.6744238890831342,-0.7383443761782034,1.5
15.874372455999946,-0.6621555738139124,-0.7493663964091053,1.5
15.895304238999415,-0.649682998276963,-0.7602052365972335,1.5
15.916353197999342,-0.6370929860749625,-0.7707869531161563,1.5
15.937547873999392,-0.6242601517520112,-0.7812165275610572,1.5
15.958481060999475,-0.6112977241718625,-0.7914007154547572,1.5
15.979490628999883,-0.598153954149229,-0.8013812121179545,1.5
16.000704177999978,-0.5848621212802729,-0.8111327259404217,1.5
16.021608291999655,-0.5713748814579441,-0.8206891889375175,1.5
16.04237202799959,-0.5577658413019084,-0.829998353177146,1.5
16.06358028899922,-0.5439952543288438,-0.8390882928915744,1.5
16.08455540599971,-0.5301119223297397,-0.8479276795835056,1.5
16.105569274999652,-0.5160251897722113,-0.8565734081329827,1.5
16.126493719999416,-0.5018016542250987,-0.8649827164845286,1.5
16.14740717299992,-0.4874967287441374,-0.8731248132218926,1.5
16.16850384099962,-0.47304460554388517,-0.8810384788224803,1.5
16.189492104999772,-0.45841861899138114,-0.8887363893540283,1.5
16.210370180999234,-0.44368821610667775,-0.8961812131974616,1.5
16.231577375999223,-0.42884975189450425,-0.9033758300397582,1.5
16.25242056099978,-0.41390347500414054,-0.9103207749906056,1.5
16.273369085999548,-0.3988167005612854,-0.917030664347387,1.5
16.29443608099973,-0.38362868271359346,-0.9234874302335864,1.5
16.315421507999417,-0.3683395889600614,-0.9296913182367216,1.5
16.3364869549996,-0.35297879642059343,-0.9356313212358109,1.5
16.357600254999852,-0.33748169952062435,-0.9413320893758329,1.5
16.378432240999246,-0.3219081881127925,-0.9467708901449912,1.5
16.39956432300005,-0.30623584633755135,-0.9519556746077643,1.5
16.420703015000072,-0.2905233893088416,-0.9568678907061848,1.5
16.441408611999577,-0.27466230713574635,-0.9615407516267155,1.5
16.46239870199952,-0.2587610800131747,-0.9659413561238671,1.5
16.48358448199997,-0.24279570997333322,-0.9700774418666507,1.5
16.504489747999287,-0.22677929908852545,-0.973946173823234,1.5
16.52542148900011,-0.21067182471555532,-0.9775568434986368,1.5
16.546385660999476,-0.1945169893070723,-0.9808991491845185,1.5
16.56770012800007,-0.17829591218462817,-0.983976914210009,1.5
16.58848586199929,-0.1620719583349126,-0.9867789419730674,1.5
16.609643723999397,-0.14573787002848604,-0.9893232400179226,1.5
16.630406502999904,-0.129402265639796,-0.9915921811144376,1.5
16.651761477000036,-0.11299892255090882,-0.9935951104460679,1.5
16.672664185999565,-0.09664354052194565,-0.995319057426001,1.5
16.6935767089999,-0.08019109233793524,-0.9967795085723065,1.5
16.71441606499957,-0.06372877458926667,-0.9979672556198176,1.5
16.736011671999222,-0.04726474084556461,-0.9988823976188597,1.5
16.756546472000082,-0.0307969989240591,-0.9995256599293845,1.5
16.777489075999256,-0.014276905303631784,-0.9998980797936113,1.5
16.798626994999722,0.002208482862323664,-0.9999975612987497,1.5
16.81949114300005,0.018707607318228663,-0.9998249974012587,1.5
16.840552953999577,0.035190083928428574,-0.9993806371914108,1.5
16.861730420999265,0.05167838549340801,-0.9986637794937767,1.5
16.882734195999547,0.06815193556536431,-0.9976749539197095,1.5
16.90369687799921,0.08459592174798868,-0.9964153401185714,1.5
16.924655163999887,0.101015074051234,-0.994884895258956,1.5
16.94592041499982,0.1174409321751504,-0.9930798696226965,1.5
16.966661832999307,0.1337911981404076,-0.991009543496002,1.5
16.98772422899947,0.15014872361397913,-0.9886634213912705,1.5
17.008835407999868,0.1663961430932921,-0.9860589858439893,1.5
17.02979127299932,0.18266031875034086,-0.9831760818663277,1.5
17.050730885999656,0.19885637002334294,-0.9800286445309337,1.5
17.071557844999916,0.21498898252676701,-0.9766164740532004,1.5
17.092794428999696,0.23105809758263687,-0.9729399547461769,1.5
17.113576200999887,0.24708695272455214,-0.9689933115317644,1.5
17.134539383999254,0.2630410621459947,-0.9647846389869125,1.5
17.1555841469999,0.2789360668948619,-0.9603096743161682,1.5
17.176762688999588,0.29473598021856895,-0.9555787261992595,1.5
17.197800746999746,0.3104709284610687,-0.9505828751773945,1.5
17.218974735999836,0.32609658004480013,-0.9453364588775179,1.5
17.239907086999665,0.3416401823794378,-0.9398308282790816,1.5
17.261296269999548,0.3570974415605312,-0.9340671374322742,1.5
17.28167654399931,0.372460002524931,-0.9280482457928189,1.5
17.302680007999697,0.3877230106451727,-0.9217759310245865,1.5
17.323701175999304,0.4028730508826453,-0.9152558685266703,1.5
17.344819639999514,0.417914817022031,-0.908486216578679,1.5
17.36558832299943,0.432848627563218,-0.9014666192470127,1.5
17.38656738499958,0.44766163430590994,-0.8942030312913067,1.5
17.407708378999814,0.4623488303537219,-0.886698121724945,1.5
17.428675445999943,0.476906828964349,-0.8789538534457706,1.5
17.449838264999926,0.49134976441777206,-0.870962346491856,1.5
17.47067776499989,0.505654461093274,-0.8627360928907928,1.5
17.491929679999885,0.5198332191717059,-0.8542677708105236,1.5
17.512779459999365,0.5338484591963509,-0.845580169241026,1.5
17.533896104999258,0.5477223898556466,-0.8366601362864249,1.5
17.554737483999816,0.5614525968716684,-0.8275089011400782,1.5
17.575739674000033,0.575027980281076,-0.8181337432803187,1.5
17.596761840999534,0.5884266833222694,-0.8085505787236527,1.5
17.617907277000086,0.6016944179062975,-0.7987263783426723,1.5
17.638834587999554,0.614789929168625,-0.7886909045962411,1.5
17.65970212999946,0.6277181703225553,-0.7784406840902546,1.5
17.680760964999536,0.6404759484807869,-0.7679782284789305,1.5
17.70197257699965,0.6530957181113078,-0.7572753680033936,1.5
17.722736839999925,0.6654666563624707,-0.7464275780474308,1.5
17.743828114999815,0.6776854353523605,-0.7353519230350062,1.5
17.765043810999487,0.6897277262477425,-0.7240688252128518,1.5
17.785767001999375,0.7015726110501598,-0.712597973210885,1.5
17.806781068999953,0.7132316638188796,-0.7009283798835318,1.5
17.827778539000064,0.7246986638008467,-0.6890659233232096,1.5
17.848786558999564,0.7360088125682588,-0.6769719549744005,1.5
17.869938907999313,0.7470403631320697,-0.6647786818569812,1.5
17.89078328999949,0.7579118876947885,-0.6523569348837508,1.5
17.911916908999956,0.7685680801906786,-0.6397680096034927,1.5
17.932958085999417,0.7790081163953585,-0.6270138392333582,1.5
17.953797068999847,0.7892585809948692,-0.6140609842075667,1.5
17.974772920999385,0.7992745112939043,-0.600966101869224,1.5
17.995743153999683,0.8090773511758801,-0.5877021693121623,1.5
18.016815414999655,0.8186673847932656,-0.5742679801937028,1.5
18.038110356999823,0.828041525583259,-0.5606667743943358,1.5
18.05874005499936,0.8371601679060171,-0.5469578167204207,1.5
18.079863708999255,0.8460745271886791,-0.533064625015066,1.5
18.100881272999686,0.8547477811480856,-0.5190435729516593,1.5
18.121769952999784,0.8631948399046369,-0.5048709422832813,1.5
18.142927634999978,0.8714086255606236,-0.49055785316162753,1.5
18.16395442999965,0.8793825738571145,-0.4761158354816992,1.5
18.185155594999742,0.8871265602270884,-0.4615262355919263,1.5
18.20589207699959,0.8946186611047006,-0.44683045017459694,1.5
18.226979069999288,0.9018939962576971,-0.43195742789576047,1.5
18.247832564999953,0.9088630108368282,-0.4170947464696907,1.5
18.268862218999857,0.9156210752413263,-0.4020423442548277,1.5
18.28990394199991,0.9221284328646278,-0.3868839015811148,1.5
18.31108271499943,0.9283947707408755,-0.37159541124857465,1.5
18.331911301999753,0.9343895906811681,-0.3562528495699074,1.5
18.353150889999597,0.9401418396710163,-0.3407833935214524,1.5
18.374144339999475,0.9456378399570436,-0.32522157929844786,1.5
18.395131661999585,0.9508751811266837,-0.3095745304725447,1.5
18.415937687999758,0.9558516726801228,-0.2938495870928037,1.5
18.43699150900011,0.960566641078979,-0.2780498661144216,1.5
18.458027545999357,0.9650231005386691,-0.2621648630666086,1.5
18.478976701999272,0.9692198903089775,-0.24619667794154668,1.5
18.5001222209994,0.9731470722842176,-0.2301842212330284,1.5
18.52098563799973,0.9768108802924014,-0.21410395639124458,1.5
18.541921651999473,0.9802099903470102,-0.19796053855229395,1.5
18.56292228499933,0.9833444993197766,-0.18175146672733594,1.5
18.584335427999576,0.9862133231787091,-0.1654789448383301,1.5
18.60502549499961,0.9888038804716575,-0.149220930047337,1.5
18.62615452099999,0.9911391372924083,-0.13282774758031743,1.5
18.647065147999456,0.9931886854943833,-0.11651710177454142,1.5
18.668074831000013,0.9949800833048134,-0.10007314238469157,1.5
18.689079114999913,0.9964917847479551,-0.08369063824487892,1.5
18.71003579399985,0.9977367536989341,-0.06724113561141383,1.5
18.730987654999808,0.9987108876366042,-0.050759855359389684,1.5
18.752272652999636,0.999414049186628,-0.03422803366231055,1.5
18.773052919999827,0.9998418030921532,-0.017786758823122716,1.5
18.79406833699977,0.9999991514784484,-0.0013027057930493457,1.5
18.81495360000008,0.9998845212219053,0.015196849043179628,1.5
18.836600915999952,0.9994972388393863,0.0317059860663998,1.5
18.85737660399991,0.9988383025425318,0.048187606020154046,1.5
18.878074352000112,0.9979082149699643,0.06464668974865946,1.5
18.899030433000007,0.9967051291565482,0.08111032926223828,1.5
18.92041288099972,0.9952320684088561,0.09753527572437556,1.5
18.941060625999853,0.9934871302570469,0.11394438122881506,1.5
18.963243999000042,0.9914714855692335,0.13032380175216388,1.5
18.983356643999286,0.9891837210654636,0.1466818529303575,1.5
19.004139087999647,0.9866379670323738,0.16292796570946466,1.5
